url_path,views_total,views_unique
/kingsdigitallab/layers-of-vision,162,10
/kingsdigitallab/layers-of-vision/tree/main/frontend,106,7
/kingsdigitallab/layers-of-vision/tree/main/frontend/people,93,7
/kingsdigitallab/layers-of-vision/actions,74,8
/kingsdigitallab/layers-of-vision/blob/main/frontend/people/01-braffaella.md,38,5
/kingsdigitallab/layers-of-vision/tree/main/frontend/assets,38,5
/kingsdigitallab/layers-of-vision/tree/develop/frontend,30,3
/kingsdigitallab/layers-of-vision/wiki/Wiki-for-Editors,30,3
/kingsdigitallab/layers-of-vision/commits/main,28,2
/kingsdigitallab/layers-of-vision/blob/main/frontend/people/02-msmithen.md,26,4
